case,mode,mean,median,p95,stdev
RLE SUM,压缩态执行,1110580.0,1032700.0,1464900.0,194734.2229809645
RLE SUM,完整解码,8127640.0,7842200.0,9903100.0,969002.6534535394
Dictionary GROUP BY,压缩态执行,70678380.0,72542100.0,78159200.0,6850402.468001424
Dictionary GROUP BY,完整解码,108628300.0,131449000.0,147294300.0,35105320.33347652
